trip_id,avg_speed,avg_acceleration,brake_events,distance_km,night_drive,speed_score,braking_score,distance_score,night_score,risk_index
1,50.78647091411705,0.4190760364924119,2,83.24318067425627,0,0.15355881809804922,0.2,0.8324318067425627,0.0,44.204197531955906
2,49.07583608123605,0.2138717271159841,5,45.149739791273376,1,0.18206939864606586,0.5,0.45149739791273374,0.5,55.75268109941849
3,42.50563188505404,0.2431036556264269,6,60.855092143337735,1,0.29157280191576596,0.6,0.6085509214333773,0.5,71.9063984015695
4,68.7022669658677,0.6536446277324174,3,88.28938557461704,1,0.14503778276446155,0.3,0.8828938557461704,0.5,57.51321059202075
5,61.12067731208522,0.7117775238147965,8,66.92049143507887,1,0.018677955201420342,0.8,0.6692049143507888,0.5,66.22144251779555
6,51.47035002820107,0.5948066855637226,3,93.13466712715316,1,0.14216083286331554,0.3,0.9313466712715317,0.5,58.82436479674875
7,69.8845161326431,0.2344648556252884,6,38.01488582364435,1,0.16474193554405167,0.6,0.3801488582364435,0.5,57.10368122969377
8,38.51494378202885,0.3050144983502013,5,17.921098599396377,1,0.35808427029951917,0.5,0.17921098599396376,0.5,58.20135696104196
9,45.0066650828851,0.6490757147239572,9,88.76722557817409,1,0.24988891528524834,0.9,0.8876722557817409,0.5,91.73553182334147
10,12.203982732978776,0.4679023156211674,7,10.815649831775763,1,0.7966002877836871,0.7,0.10815649831775763,0.5,92.16257323341182
11,44.54579345195141,0.6941598251378757,7,50.359811494126845,0,0.25757010913414313,0.7,0.5035981149412685,0.0,63.52468015023287
12,57.81756884313823,0.4836528650460019,1,21.94925018990768,0,0.03637385261436279,0.1,0.2194925018990768,0.0,13.579855536287713
13,62.32407574191717,0.6852766022026489,6,62.36758974803509,0,0.0387345956986195,0.6,0.6236758974803509,0.0,49.16630973201098
14,86.74725279459379,0.6667193451621832,0,51.73207339384327,0,0.44578754657656317,0.0,0.5173207339384327,0.0,43.26291795547405
15,72.82352925513311,0.5105972908185207,9,75.12830171307257,1,0.21372548758555182,0.9,0.7512830171307258,0.5,85.3264935685188
16,45.71926694618614,0.7492110020555478,8,64.5390333390771,1,0.23801221756356436,0.8,0.6453903333907709,0.5,78.96034896315626
17,49.320861233674314,0.6658867125229948,3,52.47826270630553,0,0.17798564610542808,0.3,0.5247826270630553,0.0,40.8634169549083
18,81.44002722698743,0.343977696186348,7,16.868801588626543,0,0.3573337871164571,0.7,0.16868801588626542,0.0,59.367486698253636
19,73.15275442545061,0.6555515950029942,0,98.9728807076815,1,0.21921257375751016,0.0,0.989728807076815,0.5,51.5310184458675
20,55.40056776199267,0.6319531882155471,7,18.369851760890192,1,0.07665720396678885,0.7,0.18369851760890193,0.5,50.26770221613579
21,57.4062020248667,0.3845078361515361,4,56.27915744825734,0,0.04322996625222165,0.4,0.5627915744825733,0.0,38.36072505381858
22,62.57267157232801,0.7274020053508129,4,92.21557889460009,0,0.0428778595388002,0.4,0.9221557889460008,0.0,49.37408594281184
23,66.62813071638669,0.5514182639483933,7,12.328627267650422,0,0.11046884527311154,0.7,0.12328627267650422,0.0,42.81238951284143
24,56.5037596390586,0.5906753241629923,8,37.24345606516657,1,0.05827067268235666,0.8,0.3724345606516657,0.5,59.54006955418154
25,62.520693587850786,0.2582822827277165,7,44.12424033910105,1,0.04201155979751311,0.7,0.4412424033910105,0.5,56.04836855178549
26,56.86039307020915,0.5588297685407422,4,44.00800946640721,1,0.05232678216318085,0.4,0.4400800946640721,0.5,42.828040724064095
27,58.30721445020057,0.4438389871469481,1,32.55440031486165,0,0.028213092496657193,0.1,0.32554400314861653,0.0,16.335191120448123
28,73.82086201703801,0.2905841685271667,2,28.092843892859293,1,0.23034770028396684,0.2,0.2809284389285929,0.5,39.66185087851864
29,92.29236804761484,0.1802127464854813,0,30.03890542470285,1,0.5382061341269141,0.0,0.3003890542470285,0.5,49.95413485644279
30,54.94391417679595,0.5800460275787249,4,41.14315983488463,1,0.08426809705340084,0.4,0.4114315983488463,0.5,43.9099741048198
31,110.7290007430929,0.5183762164826017,5,54.69353372261944,0,0.8454833457182149,0.5,0.5469353372261945,0.0,91.74940960104433
32,64.86434011817619,0.6478178515604024,9,47.54180251961952,0,0.08107233530293646,0.9,0.47541802519619525,0.0,61.03202251464804
33,77.63705062774774,0.2957386416954191,4,63.449768202437326,1,0.29395084379579567,0.4,0.6344976820243733,0.5,63.63709947509487
34,74.49533503115792,0.5277021624984052,1,58.7435647566376,0,0.24158891718596537,0.1,0.587435647566376,0.0,37.48133815787838
35,70.31999491716466,0.6316711571875115,9,69.98351054012575,0,0.17199991528607772,0.9,0.6998351054012575,0.0,73.50741086923168
36,69.76430348077075,0.3635821015599991,2,61.88677482593086,0,0.16273839134617915,0.2,0.6188677482593086,0.0,38.21004670163334
37,53.58457579080979,0.6621415782698059,9,84.03894431152234,0,0.10692373681983688,0.9,0.8403894431152235,0.0,73.82682415193888
38,73.49429354237388,0.1971971900262435,6,58.75212851398032,0,0.22490489237289804,0.6,0.5875212851398032,0.0,59.48956162505876
39,61.68547033719098,0.8269840869126701,3,7.0650015230445415,1,0.028091172286516298,0.3,0.07065001523044541,0.5,25.389514155175526
40,83.4407876993677,0.1316863033554061,0,61.07117259412207,1,0.3906797949894617,0.0,0.6107117259412207,0.5,50.42303004356462
41,46.972206826274245,0.8928817953168925,2,40.06749980312501,0,0.2171298862287626,0.2,0.4006749980312501,0.0,34.85040477537009
42,68.76203381575128,0.5876531430057912,1,15.072575610205046,0,0.146033896929188,0.1,0.15072575610205047,0.0,18.202892097007748
43,71.06803486834494,0.3825819871253226,6,67.60733690984226,0,0.18446724780574897,0.6,0.6760733690984226,0.0,59.72529271195624
44,47.92754625933817,0.5875674225795965,6,24.940446397145863,1,0.2012075623443638,0.6,0.24940446397145863,0.5,55.32841501538906
45,83.99288636270742,0.4491850600477083,3,27.000588083164725,0,0.39988143937845705,0.3,0.2700058808316472,0.0,46.667489457401636
46,76.37822814929703,0.799369825508712,6,54.536912275498416,0,0.2729704691549505,0.6,0.5453691227549842,0.0,61.14709273687242
47,50.70831213743766,0.3721749663843188,4,6.881030058075287,1,0.154861464376039,0.4,0.06881030058075287,0.5,37.724529581381056
48,65.70415486996228,0.4588366935743806,3,12.090477984199516,0,0.09506924783270468,0.3,0.12090477984199516,0.0,23.369330901355845
49,60.544334516921715,0.0418090146646357,2,39.28644282990922,1,0.009072241948695254,0.2,0.3928644282990922,0.5,29.509669148969603
50,68.51808299142135,0.8676910378124078,0,26.95583768273986,0,0.14196804985702252,0.0,0.2695583768273986,0.0,16.996136738407973
51,50.60467185685823,0.9040695275322445,1,42.47662765915779,1,0.15658880238569614,0.1,0.4247662765915779,0.5,34.94280544429531
52,34.09596177724546,0.2323884793981403,5,15.10025197843992,1,0.43173397037924227,0.5,0.1510025197843992,0.5,61.85827836406042
53,61.45799371246441,0.3130697970007227,6,17.367631323094223,1,0.024299895207740126,0.6,0.17367631323094224,0.5,42.13843730864754
54,56.952676099088066,0.710396221065137,3,52.86803710783542,1,0.05078873168186557,0.3,0.5286803710783542,0.5,40.84818369424732
55,76.53914037506924,0.5840901747627804,2,72.48270880651863,0,0.2756523395844873,0.2,0.7248270880651863,0.0,48.39822648465869
56,89.70794361693315,0.4034590923974054,7,5.289372414066143,0,0.4951323936155525,0.7,0.05289372414066143,0.0,64.27454976016051
57,81.0609956640094,0.8155859544017685,2,8.786612456104377,0,0.3510165944001566,0.2,0.08786612456104377,0.0,33.467502470369396
58,46.85010485669335,0.8064490911743771,1,10.482555527209904,1,0.21916491905511085,0.1,0.10482555527209904,0.5,28.961441732278274
59,78.06581641196486,0.5236259553967505,3,40.49351231937731,1,0.30109694019941435,0.3,0.4049351231937731,0.5,52.420754325250265
60,59.80428830854524,0.4675097723713876,5,6.111835012645589,0,0.00326186152424602,0.5,0.06111835012645589,0.0,25.107308325083622
61,85.35846508462119,0.5153894171213981,0,8.952801747338318,1,0.42264108474368645,0.0,0.08952801747338318,0.5,36.38192755322993
62,87.53247593352233,0.5082777201042498,3,79.80729810696765,0,0.4588745988920389,0.3,0.7980729810696765,0.0,66.50583061440695
63,54.017397489443795,0.5236265920876378,8,96.76112954003524,1,0.09971004184260342,0.8,0.9676112954003524,0.5,80.36109672778657
65,23.051858144912444,0.409792632408633,3,87.93640541969775,1,0.6158023642514593,0.3,0.8793640541969775,0.5,86.31632622007996
66,61.94927539510878,0.6314239475601595,6,63.7591813452306,0,0.03248792325181296,0.6,0.637591813452306,0.0,49.209992575458095
67,68.95437809803788,0.3893240685042786,4,84.69075271640861,1,0.14923963496729797,0.4,0.8469075271640861,0.5,61.272276936559045
68,67.77284931828311,0.4864395018243796,6,42.20900585589579,1,0.1295474886380518,0.6,0.42209005855895787,0.5,56.23013883870045
69,65.24488480351121,0.7368288560790789,5,7.516082577564596,0,0.08741474672518687,0.5,0.07516082577564596,0.0,30.706669936167053
70,50.57816869600347,0.5186536880476774,2,59.28581818688688,1,0.15703052173327545,0.2,0.5928581818688687,0.5,44.73757087034295
71,55.50551923848395,0.6643390296104507,1,29.942577901634024,1,0.07490801269193419,0.1,0.29942577901634027,0.5,26.07764023545321
72,60.06064392167423,0.244793206792091,0,39.75826705696405,1,0.0010107320279037898,0.0,0.39758267056964053,0.5,19.947372857121195
73,51.51186878138489,0.4717344359354901,3,62.68326861508951,1,0.14146885364358516,0.3,0.626832686150895,0.5,49.43116667626863
74,23.05053866115467,0.345993959132215,6,35.2946910067214,1,0.6158243556474222,0.6,0.352946910067214,0.5,83.97113805966082
75,36.547904623240285,0.4687367653925547,6,92.13654350492548,0,0.3908682562793286,0.6,0.9213654350492548,0.0,79.93336613224079
76,49.58764877864732,0.5430734126809329,3,38.95912957736165,1,0.17353918702254464,0.3,0.3895912957736165,0.5,44.115768433208274
77,55.51629843316841,0.4814473451402308,7,58.19276925053522,0,0.0747283594471932,0.7,0.5819276925053523,0.0,54.70091269745734
78,52.42875497678282,0.3730491531917917,1,14.64041172608829,1,0.12618741705361966,0.1,0.1464041172608829,0.5,24.52807906240814
79,60.20160719503467,0.7054117208219728,4,26.653077586829085,1,0.003360119917244475,0.4,0.2665307758682908,0.5,34.491632100344226
80,57.81646013304497,0.5440434374801203,6,78.11634655688609,1,0.03639233111591717,0.6,0.7811634655688608,0.5,61.53516943764302
81,77.88284269082146,0.4456625580622971,6,11.0745633033395,0,0.2980473781803577,0.6,0.110745633033395,0.0,49.34119513818514
82,78.96501963999745,0.2755364332723316,3,22.81938494339362,1,0.3160836606666242,0.3,0.2281938494339362,0.5,47.91395929616957
83,37.254915297203254,0.4287373765998244,2,46.83383946567582,1,0.37908474504661244,0.2,0.46833839465675825,0.5,54.55116935355691
84,91.0513618570449,0.3330324910392735,1,30.361574142888053,0,0.5175226976174149,0.1,0.30361574142888054,0.0,45.71226870047324
85,44.10262073258379,0.5121995589178723,4,27.11783727921852,0,0.26495632112360357,0.4,0.2711783727921852,0.0,43.02325584775965
86,78.95684557181086,0.5511940951552318,8,67.8541565890207,0,0.3159474261968477,0.8,0.6785415658902071,0.0,77.08788876240492
87,55.70646763437375,0.1882313074733533,0,70.06644744662267,0,0.07155887276043747,0.0,0.7006644744662267,0.0,25.909992955935866
88,55.657333056926944,0.2714108786125534,6,63.10471375540351,0,0.07237778238455092,0.6,0.6310471375540351,0.0,51.458818619565726
89,54.34619909562881,0.2990429810026626,8,97.8951441729306,0,0.09423001507285314,0.8,0.978951441729306,0.0,72.6960264237625
90,61.906892123785525,0.6149939703048328,5,28.11405341451779,0,0.03178153539642541,0.5,0.2811405341451779,0.0,33.61502769424971
91,50.27311138084861,0.3436034333721104,8,34.96022301573919,1,0.1621148103191898,0.8,0.3496022301573919,0.5,65.21643498787147
92,37.30429858122783,0.6835278638341346,6,55.88583895228154,0,0.37826169031286944,0.6,0.5588583895228154,0.0,68.02765535890912
93,49.10466929609399,0.6056719075340162,4,61.96727852990741,1,0.1815888450651002,0.4,0.6196727852990741,0.5,56.28127943769915
94,25.558208594098765,0.2816414240746117,7,43.5533200472876,1,0.5740298567650206,0.7,0.43553320047287597,0.5,88.5463930381755
95,35.45316654192836,0.1790635964247139,9,72.2538556157883,1,0.40911389096786066,0.9,0.722538556157883,0.5,96.44340893730818
96,37.0012971493541,0.7053078012444476,7,33.321298244814976,1,0.38331171417743165,0.7,0.3332129824481498,0.5,73.69169795999609
97,61.32701011982441,0.6935244549817376,4,87.66455843328774,0,0.022116835330406797,0.4,0.8766455843328774,0.0,46.70158940338646
98,74.60561056044078,0.1787064280938823,0,9.304025069025256,0,0.24342684267401302,0.0,0.09304025069025255,0.0,17.806784075364142
99,44.09421127226143,0.5535746982448091,6,22.846896672748468,1,0.2650964787956428,0.6,0.22846896672748468,0.5,58.60921911238932
100,53.79195014445686,0.4985677001664744,5,53.71228549178215,0,0.10346749759238563,0.5,0.5371228549178215,0.0,45.87798540304703
101,71.25535355059579,0.4055184003762146,5,13.351851357795573,1,0.1875892258432631,0.5,0.13351851357795572,0.5,46.3275082322096
102,65.1535183835418,0.4627246365059251,6,76.06112755386131,0,0.0858919730590299,0.6,0.7606112755386131,0.0,56.26729997503467
103,52.0893012587405,0.4079315843998127,3,63.77948414178792,1,0.1318449790209917,0.3,0.6377948414178792,0.5,49.17674121371947
104,35.8251838711752,0.6070246823646779,1,99.58247246101428,0,0.40291360214708,0.1,0.9958247246101428,0.0,59.929311773270264
105,57.567482379938376,0.4232638417039164,2,73.22257796656231,0,0.0405419603343604,0.2,0.7322257796656231,0.0,34.186364455367254
106,60.07580824085561,0.5868917135600099,2,86.81648149356351,1,0.0012634706809267963,0.2,0.8681648149356351,0.5,43.625135166733884
107,78.26919959431484,0.7818125680277886,4,38.82617310349465,1,0.30448665990524737,0.4,0.3882617310349465,0.5,56.722986123237874
108,41.07350409110119,1.115982439087266,6,78.73879767745213,0,0.3154415984816468,0.6,0.7873879767745212,0.0,71.18707690049946
109,58.5000799895596,0.2214882423588146,7,97.27184639612776,0,0.024998666840673305,0.7,0.9727184639612776,0.0,63.64681602013174
110,65.49022958935369,0.9271808445999594,3,37.33060973460853,0,0.09150382648922814,0.3,0.3733060973460853,0.0,30.900843327522175
111,42.634215131657335,0.3777860049271057,3,23.412311836876537,0,0.28942974780571107,0.3,0.23412311836876537,0.0,38.78236570592392
112,71.64779919049833,0.6431233691495488,4,86.21779715387156,0,0.19412998650830554,0.4,0.8621779715387156,0.0,56.82133727534323
113,69.94267916652723,0.4722894857942223,7,13.701474093266118,0,0.16571131944212045,0.7,0.13701474093266117,0.0,46.626606822418054
114,32.972147851136704,0.4140608627920695,4,9.279637085010064,0,0.45046420248105495,0.4,0.09279637085010065,0.0,48.93845442207358
115,64.39638431158382,0.6429752606432025,7,13.2817861326461,1,0.07327307185973027,0.7,0.132817861326461,0.5,48.49747870513795
116,66.31304589018526,0.3945196372801648,0,7.218635260823435,0,0.10521743150308775,0.0,0.07218635260823435,0.0,8.67844039884999
117,57.36098888163674,0.2568245313110106,7,65.08299222653339,0,0.04398351863938762,0.7,0.6508299222653339,0.0,54.928529570219965
118,58.24718286138018,0.6269009434871222,2,13.754113549827473,0,0.02921361897699697,0.2,0.13754113549827474,0.0,15.229684577510639
119,75.8644108965262,0.5195615898576547,6,34.76326260218114,0,0.2644068482754366,0.6,0.34763262602181144,0.0,54.54927896579763
120,44.02513322961763,0.2666686512436194,3,51.14063373587974,1,0.26624777950637285,0.3,0.5114063373587974,0.5,53.54993833778647
121,68.23212739747572,0.2958400059918722,5,43.93612811491023,1,0.13720212329126202,0.5,0.43936128114910233,0.5,52.62454185433171
122,52.09688812432723,0.3148799131816875,8,23.050062375663646,0,0.13171853126121286,0.8,0.23050062375663646,0.0,52.015688977134076
123,63.58103448783409,0.7470037464148002,9,40.11550232805299,0,0.05968390813056814,0.9,0.4011550232805299,0.0,57.43808348697201
124,75.72713235028392,0.5171793795217873,8,23.503773372804837,1,0.26211887250473204,0.8,0.23503773372804837,0.5,67.84014966881597
125,70.98608254619458,0.5594667504394327,9,95.99389179581806,0,0.18310137576990967,0.9,0.9599389179581805,0.0,82.17619447686344
126,45.32610194904567,0.3331221288805797,0,91.65223361024783,0,0.24456496751590548,0.0,0.9165223361024784,0.0,43.16331818907185
127,70.36153687678211,0.7686093602661422,2,99.11225855460354,0,0.17269228127970185,0.2,0.9911225855460354,0.0,50.25217132496439
128,42.014352277468895,0.7043413304657203,8,17.688582125851056,0,0.2997607953755184,0.8,0.17688582125851057,0.0,60.689477581086734
129,75.72360093142032,0.6382764578693607,7,20.838787442883586,1,0.26206001552367203,0.7,0.20838787442883586,0.5,62.41215359405985
130,55.855742322605934,0.832646376940024,7,98.986584583105,1,0.0690709612899011,0.7,0.98986584583105,0.5,74.5567549141346
131,39.326469974715195,0.3274451235175574,8,37.08266407406656,0,0.3445588337547468,0.8,0.37082664074066557,0.0,69.39603575489429
132,56.28161489311586,0.3145892107674947,3,60.17960677790012,0,0.0619730851147357,0.3,0.6017960677790012,0.0,36.10347834215026
133,51.47888013261448,0.1481621978195938,5,76.00639453286762,1,0.14201866445642536,0.5,0.7600639453286762,0.5,62.768150788514
134,60.51437720943407,0.5420801099481052,4,66.48408849117396,1,0.008572953490567888,0.4,0.6648408849117396,0.5,47.042668174659994
135,53.93194920292768,0.4052169156528885,1,23.285670110850845,0,0.10113417995120529,0.1,0.23285670110850845,0.0,17.967416058335772
136,85.16323301148807,0.3102647804034313,4,18.548773198304787,0,0.41938721685813457,0.4,0.18548773198304785,0.0,49.87616505181368
137,52.58529668718414,0.8544483187606957,4,24.21632718287729,1,0.123578388546931,0.4,0.2421632718287729,0.5,41.12645681709152
138,73.75657466212432,0.8694417881412654,9,51.37967123120683,0,0.2292762443687387,0.9,0.5137967123120682,0.0,71.31230075141526
139,72.03394293567291,0.226259735589866,1,38.234418887121414,1,0.20056571559454853,0.1,0.38234418887121413,0.5,36.34094705118725
140,54.10462082621959,0.2214397020981822,9,39.541773823829736,0,0.09825631956300687,0.9,0.39541773823829734,0.0,59.63079240896582
141,55.86314860502897,0.4567468633634619,9,94.47399132731896,1,0.0689475232495172,0.9,0.9447399132731895,0.5,82.37558372835603
142,39.95327562570176,0.6172065953486168,7,45.49340134109756,0,0.33411207290497075,0.7,0.4549340134109756,0.0,66.73109632294603
143,59.89829837059506,0.4245684814768928,2,79.35043414318463,0,0.001695027156749044,0.2,0.7935043414318463,0.0,33.68230023571942
144,67.30341719414929,0.3558909509415749,0,51.82335807519866,0,0.12172361990248817,0.0,0.5182335807519867,0.0,23.388907976283313
145,47.648921932323674,0.424045825595717,8,51.52669880520102,1,0.20585130112793876,0.8,0.5152669880520102,0.5,72.9895272530068
146,52.23403742152068,0.4098747480419825,8,73.9581564740375,0,0.12943270964132197,0.8,0.739581564740375,0.0,67.5076394367561
147,64.5500137644267,0.4902451091466013,2,70.84523519185272,0,0.07583356274044491,0.2,0.7084523519185272,0.0,35.6237507445018
148,35.09079733246319,0.5689954685232808,9,98.98878954257688,0,0.4151533777922802,0.9,0.9898878954257688,0.0,97.34706317689276
149,94.04445717173544,0.7343964338550092,4,93.95945275648204,0,0.567407619528924,0.4,0.9395945275648203,0.0,82.1230129920712
150,72.44431496664619,0.911767100744443,6,31.97770303064394,0,0.20740524944410316,0.6,0.3197770303064394,0.0,50.193225650027685
151,47.065166525260786,0.3927973986130944,1,83.03805656086053,0,0.21558055791232025,0.1,0.8303805656086053,0.0,43.344164117969136
152,90.2098251410967,0.8239356731608751,1,21.93958835668736,0,0.503497085684945,0.1,0.2193958835668736,0.0,42.26476427599633
153,66.04181442858575,0.4455991858247269,9,89.95955505342802,1,0.10069690714309587,0.9,0.8995955505342802,0.5,82.93919184221008
154,61.27610869698472,0.3274758238684836,4,49.197483245763586,1,0.02126847828307869,0.4,0.49197483245763585,0.5,42.51415809824128
155,73.00584113950299,0.9731366759337216,7,92.08416181192216,1,0.21676401899171652,0.7,0.9208416181192216,0.5,81.50764197558111
156,94.892568566856,0.1212184936895064,0,64.30265249098635,0,0.5815428094476,0.0,0.6430265249098635,0.0,55.4602263654415
157,51.99123353968436,0.446288221957697,9,92.04152714043946,1,0.13347944100526069,0.9,0.9204152714043946,0.5,85.59180671245026
158,38.08021575190513,0.5913254954188216,0,50.95418955851905,0,0.3653297374682479,0.0,0.5095418955851905,0.0,38.082822810191594
159,33.95850995081643,0.6665004633026591,3,75.16402261149085,0,0.43402483415305954,0.3,0.7516402261149085,0.0,63.553899709145576
160,65.89195250846872,0.5078243131485617,8,89.08310342733262,1,0.09819920847447866,0.8,0.8908310342733262,0.5,77.91062154612278
161,42.45373012910452,0.9416234330095298,8,7.024463239643499,0,0.29243783118159133,0.8,0.07024463239643498,0.0,56.96511804950111
162,89.71203251405407,0.4855791683576281,3,93.91934374740345,1,0.49520054190090124,0.3,0.9391934374740345,0.5,80.7468727229948
163,77.95885687939004,0.3757991039519078,9,55.5888256920631,0,0.29931428132316734,0.9,0.5558882569206309,0.0,76.90611583874681
164,60.8309773894866,0.3985496134716062,7,40.74631680379264,0,0.013849623158109973,0.7,0.40746316803792637,0.0,45.604833549259745
165,52.81284814605232,0.569001797446054,7,14.346082985365353,0,0.11978586423246138,0.7,0.14346082985365352,0.0,44.00408376965877
166,35.22873648478046,0.795093445467485,2,98.05716181062292,0,0.41285439192032564,0.2,0.9805716181062292,0.0,64.67748322369684
167,71.15460611833186,0.5407156267403509,2,44.98127856742341,0,0.1859101019721976,0.2,0.4498127856742341,0.0,34.44194742644402
168,74.90109435890417,0.5998317427133841,1,77.53343073392732,1,0.2483515726484029,0.1,0.7753343073392732,0.5,51.343199220912716
169,59.75214850297863,0.5586121345785082,9,23.9750598375511,1,0.004130858283689539,0.9,0.239750598375511,0.5,56.7468535463866
170,68.56050922648782,0.2502375306674341,9,20.798893685901444,1,0.14267515377479706,0.9,0.20798893685901443,0.5,64.2800995235954
171,55.11119625239169,0.2388016326038112,4,6.283939834016412,0,0.08148006246013845,0.4,0.06283939834016411,0.0,25.35779887732204
172,60.4186547074903,0.5043309598099408,4,78.89380964440595,0,0.0069775784581716255,0.4,0.7889380964440594,0.0,43.078597120775584
173,65.08219264686261,0.453821042971849,0,31.68267497251632,1,0.08470321078104348,0.0,0.3168267497251632,0.5,22.607487844755223
174,54.43786766732619,0.4382130819123531,3,9.598300030934231,1,0.09270220554456353,0.3,0.09598300030934231,0.5,30.135431055619037
175,54.32585120956365,0.6720347695285454,2,17.484101462971815,0,0.09456914650727247,0.2,0.17484101462971816,0.0,20.388790823552803
176,63.2981327834831,0.1644847835885161,5,24.54027309083928,1,0.0549688797247183,0.5,0.2454027309083928,0.5,41.61839598682565
177,38.85143217820977,0.5414068152025571,1,19.632197498214737,1,0.3524761303631705,0.1,0.19632197498214737,0.5,39.958185278498945
178,56.82370714948596,0.3752213769714169,7,72.10149324600604,1,0.052938214175233964,0.7,0.7210149324600604,0.5,65.310383261553
179,62.32834271725877,0.439730706070111,4,9.876676349786347,0,0.038805711954312844,0.4,0.09876676349786347,0.0,23.840219538107696
180,38.070789907610376,0.4386457043272523,0,86.44016241308366,0,0.3654868348731604,0.0,0.8644016241308365,0.0,48.98913682616249
181,67.32885369012352,0.5299079290090302,1,34.44341252016651,1,0.12214756150205872,0.1,0.3444341252016651,0.5,30.360876597673737
182,68.09459377699429,0.5276425293563911,5,44.40468886597547,0,0.13490989628323813,0.5,0.4440468886597547,0.0,44.950906170528995
183,51.1771378177346,0.5731283883512304,6,81.18846163474053,1,0.14704770303775672,0.6,0.8118846163474054,0.5,69.2743045600124
184,69.62982985856647,0.2399955467082845,8,58.89484645284513,1,0.1604971643094411,0.8,0.5889484645284513,0.5,72.46668595101912
185,40.73627025692773,0.7458555240556588,7,5.2047246913616805,1,0.32106216238453783,0.7,0.052047246913616806,0.5,61.23496104956555
186,66.03738495625743,0.3852939550062158,1,82.51113748113323,0,0.10062308260429044,0.1,0.8251113748113323,0.0,36.12237240083575
187,57.11287337001711,0.4075276521395619,3,11.65477631336048,1,0.04811877716638146,0.3,0.1165477631336048,0.5,28.02886880716306
188,31.09030736404539,0.7113027883633022,3,22.303443230677487,0,0.48182821059924347,0.3,0.2230344323067749,0.0,50.25781236065182
189,63.61523258794737,0.4066418491877283,2,91.0361033272811,0,0.06025387646578947,0.2,0.9103610332728109,0.0,40.866944169975255
190,57.42122746108863,0.3863892355876018,8,16.0032438670837,0,0.04297954231518955,0.8,0.160032438670837,0.0,44.40201428237039
191,63.37211863993402,0.5067093673786893,5,56.06465870828619,0,0.05620197733223371,0.5,0.5606465870828619,0.0,43.697566314181934
192,61.29301925088996,0.7968607215760334,7,11.19412221724476,1,0.02155032084816604,0.7,0.11194122217244759,0.5,44.67992279335796
193,54.13454374142092,0.9104813410628304,0,19.667988622314397,0,0.09775760430965133,0.0,0.19667988622314397,0.0,12.043121914652016
194,58.45371622497045,0.7339420990990143,4,72.07751294012368,0,0.02577139625049251,0.4,0.7207751294012368,0.0,42.139721420456866
195,31.430633117732715,0.4538960194337729,0,35.39660788217743,1,0.47615611470445474,0.0,0.3539660788217743,0.5,47.78858697016536
196,81.83154222523052,0.5345367277127867,2,60.68538434721368,0,0.3638590370871754,0.2,0.6068538434721368,0.0,50.192746266730396
197,82.87638646909878,0.4475063969520597,0,91.00357470893884,0,0.3812731078183129,0.0,0.9100357470893884,0.0,51.35991947438626
198,68.61327814256754,0.6021770256046005,1,58.72594479325915,1,0.14355463570945895,0.1,0.5872594479325915,0.5,39.13199847013529
199,74.8566842205957,0.2069210242754433,0,78.11304428494542,1,0.24761140367659493,0.0,0.7811304428494542,0.5,46.86967919473922
200,69.30073460788984,0.69003660418491,3,31.72183858758937,0,0.1550122434648306,0.3,0.3172183858758937,0.0,33.0788615653109
201,60.31386838926296,0.4052244459199985,8,98.07249908258773,1,0.005231139821049288,0.8,0.9807249908258773,0.5,74.96145745155953
202,47.426584021558,0.6734873118873499,6,42.85893340658746,1,0.20955693297403333,0.6,0.4285893340658746,0.5,61.343406644907716
203,98.76683491673238,0.4170079802631857,8,73.23759124347033,0,0.646113915278873,0.8,0.7323759124347033,0.0,99.01780137995317
205,68.68268683600087,0.1501035927854139,7,27.18532812727971,1,0.14471144726668114,0.7,0.2718532812727971,0.5,57.154146486905155
206,56.80966973655339,0.6356077704039095,0,32.82894827985002,0,0.053172171057443526,0.0,0.3282894827985002,0.0,13.346286607093324
207,46.9209577472934,0.2466637946729341,2,16.91173243761117,1,0.21798403754511,0.2,0.1691173243761117,0.5,35.46916947851131
208,76.6182225803708,0.3124209542509141,2,72.73339841629289,0,0.2769703763395133,0.2,0.7273339841629288,0.0,48.55615148373321
209,47.61978206100166,0.9285738051249408,5,57.18681090634277,0,0.20633696564997236,0.5,0.5718681090634277,0.0,53.26252554631527
210,79.32938949517741,0.2919778813479788,8,23.105441714122737,0,0.3221564915862902,0.8,0.23105441714122738,0.0,63.72823869639215
211,60.560442835117,0.6116793216534043,6,41.08688133660927,0,0.00934071391861669,0.6,0.41086881336609266,0.0,40.826455651871406
212,60.17704370882589,0.1626873563275168,9,68.88018146836954,0,0.0029507284804315267,0.9,0.6888018146836954,0.0,62.78663630302541
213,67.5936806237409,0.1495425281409385,7,78.42905093693471,1,0.1265613437290149,0.7,0.7842905093693472,0.5,71.77487037571692
214,72.63000823520122,0.6418708786594238,9,34.69931284920641,1,0.21050013725335362,0.9,0.3469931284920641,0.5,72.71389576369441
215,62.93059131788685,0.3181113464181454,5,48.858333849508725,1,0.048843188631447515,0.5,0.4885833384950872,0.5,48.7095321374892
216,67.38968449687995,0.2769805880346752,1,74.54841559221975,0,0.12316140828133253,0.1,0.7454841559221975,0.0,35.06142925667891
217,56.47628392846385,0.5865554325855729,8,97.2382759491412,0,0.058728601192269164,0.8,0.972382759491412,0.0,70.31404061030494
218,74.69831801996764,0.6048386542719418,9,13.702014151462077,0,0.24497196699946072,0.9,0.13702014151462077,0.0,60.70657102904723
219,57.84331312292818,0.4235597499499902,9,59.210396376687896,0,0.03594478128453034,0.9,0.592103963766879,0.0,61.84363316100963
220,39.912964499174635,0.8097183878609696,9,47.42744554712754,0,0.3347839250137561,0.9,0.4742744554712754,0.0,76.57833388534328
221,50.41068045403521,0.4664602445807657,5,77.8312224296378,0,0.15982199243274653,0.5,0.778312224296378,0.0,56.74513070800893
222,46.92860810322851,0.3501013790456093,9,93.06144754027832,0,0.21785653161285812,0.9,0.9306144754027832,0.0,83.41018064229286
223,74.79948976061792,0.5713609074966643,7,78.12668757399042,1,0.24665816267696528,0.7,0.7812668757399043,0.5,79.05764191835164
224,72.69517133189098,0.9098931164899235,3,91.3090533432628,1,0.2115861888648496,0.3,0.913090533432628,0.5,62.52745843051287
225,53.51668316694171,0.5359967156941255,1,47.58695133076114,1,0.1080552805509715,0.1,0.4758695133076114,0.5,33.53139633163446
226,54.404538173960056,0.3552292843243745,6,36.36087876738976,1,0.09325769710066574,0.6,0.3636087876738976,0.5,52.2056574945094
227,67.21728168115786,0.5897168286142876,8,11.11123062509344,1,0.12028802801929762,0.8,0.11111230625093439,0.5,55.32438545152911
228,57.514843344540736,0.2993416254914553,0,73.18837499912121,0,0.04141927759098773,0.0,0.7318837499912121,0.0,25.017651104812106
229,63.13503178299763,0.8657239333988546,3,28.476218788663427,1,0.05225052971662715,0.3,0.28476218788663427,0.5,33.447970811294844
230,52.176206452103635,0.374056704584631,0,48.75279760476521,0,0.13039655913160608,0.0,0.48752797604765213,0.0,22.97867130059828
231,63.28903923337409,0.9036437015441388,8,60.461107397164255,1,0.054817320556234846,0.8,0.6046110739716426,0.5,66.45742219313524
232,65.46469031026734,0.3103841965095158,6,23.890960976315124,1,0.09107817183778906,0.6,0.23890960976315123,0.5,48.242670706583965
233,50.68888507726222,0.0829647712780969,0,45.23394104635413,1,0.15518524871229633,0.0,0.4523394104635413,0.5,31.09724992805504
234,68.81728172353783,0.8666645212466737,3,7.8334859986820895,0,0.1469546953922972,0.3,0.0783348599868209,0.0,25.248627241602463
235,72.24054686653326,0.270186480517711,0,23.62500749955893,0,0.20400911444222108,0.0,0.23625007499558928,0.0,19.78352567741892
236,40.15041833152295,0.5772126696194753,7,37.628547488248266,0,0.33082636114128416,0.7,0.37628547488248265,0.0,64.11424974302359
237,56.83568799809345,0.5640307061428429,1,24.663977342396247,1,0.052738533365109204,0.1,0.24663977342396248,0.5,23.09522714372135
238,73.27386814957434,0.5184807145539697,4,89.52793359830063,1,0.22123113582623902,0.4,0.8952793359830064,0.5,67.17890979512427
239,39.437444956534755,0.1530586270854244,3,85.08874136355931,0,0.34270925072442077,0.3,0.8508874136355931,0.0,60.993430590369826
240,69.7418598546556,0.5264839117552002,6,73.57224504212334,0,0.1623643309109267,0.6,0.7357224504212334,0.0,60.199508007470804
241,66.98110087575107,0.5945684857132589,9,16.454754050872026,1,0.1163516812625178,0.9,0.16454754050872025,0.5,61.32951797637099
242,41.24684332064157,0.6189505841387126,8,62.51070727324197,0,0.31255261132264056,0.8,0.6251070727324197,0.0,75.23858859547211
243,65.25293895610318,0.529467289915098,4,17.627805341848404,1,0.08754898260171966,0.4,0.17627805341848404,0.5,36.890614002746034
244,54.33298654965973,0.4890234478469994,0,50.813401668095715,1,0.09445022417233785,0.0,0.5081340166809571,0.5,29.080556258009004
245,74.50192048963602,0.3712328878647097,8,73.75069386206025,1,0.241698674827267,0.8,0.7375069386206025,0.5,82.0153703834214
246,38.039536531801886,0.6742090702454557,4,13.434569574732407,0,0.36600772446996854,0.4,0.13434569574732408,0.0,45.02750357821687
247,66.3081169458349,0.3172227270158908,4,84.20242974590504,0,0.10513528243058161,0.4,0.8420242974590504,0.0,50.73696414757375
248,37.36820851858232,0.6967588910354964,7,31.41206862717073,0,0.37719652469029463,0.7,0.3141206862717073,0.0,65.053131800577
249,68.02715054074426,0.4413225132692903,2,24.861197342202683,1,0.13378584234573765,0.2,0.24861197342202682,0.5,32.73926662246694
250,49.8103167614396,0.3497825488160329,7,88.37891356113849,1,0.16982805397600664,0.7,0.883789135611385,0.5,77.48735033361686
251,53.85851693370976,0.6834709832109255,1,61.04886885606023,0,0.10235805110483737,0.1,0.6104886885606023,0.0,29.63851185472446
252,57.93302397022479,0.3945075400187393,1,35.116151533010466,0,0.034449600496253535,0.1,0.35116151533010465,0.0,17.504835720051563
253,51.638721971293776,0.1716990874467218,7,7.363889243519144,0,0.1393546338117704,0.7,0.07363889243519144,0.0,43.061858958638396
254,67.90007060344065,0.4251201732650984,8,48.19598439169498,0,0.13166784339067755,0.8,0.4819598439169498,0.0,59.734126062027094
255,52.07016104108179,0.5035712998878372,8,50.10560042958955,0,0.13216398264863685,0.8,0.5010560042958955,0.0,60.35098109633872
256,52.494964553972224,0.2372973302647353,1,12.844294294510682,1,0.12508392410046293,0.1,0.12844294294510683,0.5,23.908776027915998
257,76.74004675767031,0.658621189044326,1,6.335298440361675,1,0.27900077929450523,0.1,0.06335298440361675,0.5,31.362700454693865
258,78.17280570888607,0.3907232357575592,9,69.27019233734512,0,0.3028800951481012,0.9,0.6927019233734513,0.0,81.3262392638384
259,59.719919441784384,0.4410356742410367,8,80.83680432200761,0,0.004668009303593597,0.8,0.808368043220076,0.0,61.957572452648655
260,58.228906212660966,0.4616353685528191,6,33.95048055381552,1,0.029518229788983892,0.6,0.33950480553815515,0.5,47.55100584099542
261,75.08605460890075,0.3568326704698126,4,13.432643401196495,0,0.2514342434816792,0.4,0.13432643401196495,0.0,37.99050386257283
262,70.72979654654804,0.4086264819932172,3,97.45736086265616,1,0.17882994244246742,0.3,0.9745736086265616,0.5,62.4037272348601
263,90.48613837889332,0.6019548589146341,9,64.03853116596258,1,0.5081023063148886,0.9,0.6403853116596259,0.5,100.0
264,93.6108761386352,0.688392439290116,0,55.941252818142395,1,0.5601812689772534,0.0,0.559412528181424,0.5,59.2575396657291
265,47.75759020950827,0.8000850927517317,9,43.47995046831275,1,0.20404016317486212,0.9,0.4347995046831275,0.5,75.0134308533149
266,53.84370222251039,0.4280809114448994,6,60.42584506687043,1,0.10260496295816021,0.6,0.6042584506687043,0.5,60.169331175849095
267,22.016776260319425,0.4373164995556605,2,55.37865425459689,0,0.6330537289946763,0.2,0.5537865425459689,0.0,65.09551554907202
268,36.09468959733267,0.7777050367733518,3,18.530841057214673,1,0.3984218400444555,0.3,0.18530841057214673,0.5,51.65378907901976
269,53.94191388425568,0.4509739507424801,7,73.31415714809106,0,0.10096810192907195,0.7,0.7331415714809105,0.0,60.95571814348727
270,76.52620754493157,0.3165513126667041,8,14.509861603623984,1,0.2754367924155261,0.8,0.14509861603623983,0.5,65.8962979913889
271,76.16709091366498,0.3235159792065641,1,58.88482969231661,0,0.2694515152277496,0.1,0.5888482969231661,0.0,39.23586810388704
272,66.61894072057095,0.6311890183124479,1,50.35210278571961,1,0.11031567867618246,0.1,0.5035210278571961,0.5,34.519310424227086
273,65.7463548518927,0.7207680918683723,0,45.222101108928406,0,0.0957725808648784,0.0,0.4522210110892841,0.0,19.768106755397284
274,40.1164871856647,0.1482042084666936,2,66.63096654436862,0,0.33139188023892163,0.2,0.6663096654436862,0.0,50.02451840100813
275,49.80675324700557,0.357859544444531,0,51.53755760615165,0,0.16988744588324056,0.0,0.5153755760615165,0.0,26.259077369546112
276,41.612481554060594,0.6042605662649071,1,46.41481142507159,1,0.30645864076565676,0.1,0.4641481142507159,0.5,45.35619866552062
277,71.10842421966906,0.4451836709751802,0,54.14052440875817,1,0.185140403661151,0.0,0.5414052440875817,0.5,35.67185548126286
278,69.6159840468043,0.2790989063059593,5,83.07763976029196,1,0.16026640078007168,0.5,0.8307763976029195,0.5,66.06018102302164
279,71.78894246233641,0.517987138475663,6,97.58959305438012,1,0.19648237437227348,0.6,0.9758959305438012,0.5,77.34657226878113
280,68.80233495447827,0.4421863101872813,7,62.63554623551745,1,0.1467055825746378,0.7,0.6263554623551745,0.5,68.16230102992807
281,61.519119802216494,0.5226643469499942,5,93.57054530304156,1,0.0253186633702749,0.5,0.9357054530304155,0.5,60.99456259309009
282,42.29118264322548,0.4513040327646587,3,9.334512379501836,0,0.29514695594624196,0.3,0.09334512379501836,0.0,34.81061668932312
283,46.45445961230038,0.3413369891521015,9,78.06342175320108,0,0.22575900646166028,0.9,0.7806342175320108,0.0,79.2900638547165
284,62.7679327254944,1.042199899876033,3,44.21045712824509,1,0.04613221209157328,0.3,0.4421045712824509,0.5,37.90372826062649
285,32.07928177916811,0.4441966911061012,0,52.66168357660744,1,0.46534530368053145,0.0,0.5266168357660743,0.5,52.42623366218503
286,44.285700148212065,0.6082976829168484,0,51.03442268685855,1,0.2619049975297989,0.0,0.5103442268685855,0.5,39.43248157682577
287,43.52916947859832,0.5564160499041501,9,91.26669594442843,1,0.2745138420233613,0.9,0.9126669594442843,0.5,94.01535700443087
288,65.60973183976716,0.7667180545653806,5,54.30337234403004,0,0.09349553066278607,0.5,0.5430337234403004,0.0,45.447072525989526
289,76.08208909930819,0.5745598866327454,5,59.689216025974176,0,0.2680348183218032,0.5,0.5968921602597418,0.0,57.820046142721374
291,55.04635681202825,0.66001837810504,4,39.43078905359525,0,0.08256071979952916,0.4,0.3943078905359525,0.0,35.60255841508818
292,39.44965267790616,0.5038427099280016,5,43.39945192123041,0,0.342505788701564,0.5,0.4339945192123041,0.0,57.39150891168019
293,57.59818006425717,0.8005598632834101,9,95.31840218599947,1,0.04003033226238048,0.9,0.9531840218599947,0.5,80.85895822328126
294,52.60181960683882,0.6493532975890326,2,63.08371993567506,1,0.12330300655268628,0.2,0.6308371993567506,0.5,43.83245190975634
295,58.57785977761035,0.8641178024383301,2,26.13974982869462,0,0.023702337039827506,0.2,0.2613974982869462,0.0,18.69446834020539
296,71.16278035891203,0.7248805363788701,9,23.459100995150173,0,0.1860463393152005,0.9,0.23459100995150173,0.0,60.0838218526656
297,79.13936045995976,0.2285079682835647,4,53.03706400790724,1,0.31898934099932935,0.4,0.5303706400790724,0.5,61.9773864379974
298,68.51790537846188,0.482814248327543,6,83.38178228399187,0,0.14196508964103127,0.6,0.8338178228399187,0.0,61.95892172583747
299,55.36530984547935,0.399184768103116,7,74.61959804219414,0,0.07724483590867746,0.7,0.7461959804219415,0.0,59.89964034740852
300,43.11638668652582,0.8391465283165601,6,76.86818931334629,0,0.28139355522456966,0.6,0.7686818931334629,0.0,68.52164550836147
301,66.86884217847995,0.4910928775112098,7,66.29069386970389,0,0.11448070297466587,0.7,0.6629069386970389,0.0,59.62888757233048
302,71.74072415042757,0.0900758884348462,0,21.22674687499322,0,0.19567873584045944,0.0,0.21226746874993221,0.0,18.535491248950038
303,75.27942454180213,0.493266176375436,0,80.78936802080604,1,0.25465707569670215,0.0,0.8078936802080604,0.5,48.124199485860466
304,97.23172514311209,1.063818233799416,6,24.557330891958937,1,0.6205287523852014,0.6,0.24557330891958937,0.5,80.96293592338962
305,59.97364546010304,0.3793740632809965,1,99.73843341158477,0,0.00043924233161594847,0.1,0.9973843341158477,0.0,35.25966871710548
306,70.56349366579275,0.3735135038788022,4,69.79655983300992,0,0.17605822776321248,0.4,0.6979655983300992,0.0,50.66901551065188
307,66.27291149813978,0.5725288940792381,8,8.107454378328272,0,0.10454852496899629,0.8,0.08107454378328273,0.0,45.758650255801996
308,49.70076486893602,0.2848453754806939,0,75.9497102387267,0,0.17165391885106634,0.0,0.759497102387267,0.0,33.86379512704642
309,48.14973479440246,0.6239624925844773,8,99.48393030013727,0,0.1975044200932923,0.8,0.9948393030013727,0.0,79.52638199459727
310,42.87953709498895,0.4061909646745865,2,72.64770673116081,1,0.2853410484168509,0.2,0.7264770673116081,0.5,56.720655872825766
311,46.500848168192434,0.3481511074745038,3,59.61593172979286,0,0.22498586386345945,0.3,0.5961593172979286,0.0,45.94164693153092
312,55.15133590423314,0.4614889593884362,6,12.77881961487755,0,0.08081106826278095,0.6,0.1277881961487755,0.0,36.523184076787615
313,75.44658773832036,0.6886378566870003,5,89.96806533383332,0,0.257443128972006,0.5,0.8996806533383332,0.0,66.46728515426024
314,66.53870590921525,0.3013342581974814,4,96.02567748464438,0,0.10897843182025421,0.4,0.9602567748464438,0.0,54.60354787761506
315,67.20070561898798,0.3714318268582821,7,89.24278147048008,0,0.12001176031646636,0.7,0.8924278147048008,0.0,67.01646157718031
316,47.73042590574224,0.7667213465965788,9,29.07709168085837,0,0.20449290157096273,0.9,0.2907709168085837,0.0,62.9418123744202
317,51.61032508523731,0.5468126552577462,0,10.43674652749916,0,0.1398279152460449,0.0,0.1043674652749916,0.0,11.792190748452198
318,73.62369117120177,0.3656305873116275,1,22.367972889775093,1,0.2270615195200295,0.1,0.22367972889775092,0.5,33.096054246774386
319,59.90818914970709,0.494012302980071,8,30.49530363530852,0,0.001530180838215145,0.8,0.3049530363530852,0.0,46.30651795554419
320,108.13680798945838,0.1968602516137095,0,83.71721776387305,1,0.8022801331576396,0.0,0.8371721776387305,0.5,82.65493987675936
321,64.96983270159477,0.4508457607604075,8,19.794883639756783,1,0.08283054502657947,0.8,0.19794883639756783,0.5,55.69046053123993
322,80.40626310308718,0.3532569389524344,1,48.87455144885897,1,0.3401043850514531,0.1,0.4887455144885897,0.5,48.17782776054758
323,44.02887751099048,0.4502980772417123,6,42.841887536352104,1,0.2661853748168253,0.6,0.428418875363521,0.5,64.81594778801484
324,65.65799161104567,0.6148700959512106,5,92.22696580253556,1,0.09429986018409456,0.5,0.9222696580253555,0.5,64.81839677294163
325,42.80425823226199,0.8106579039736844,8,33.11333390573477,1,0.2865956961289669,0.8,0.3311333390573477,0.5,72.29417231059575
326,51.349238356346206,0.637664338006416,5,59.451604867719624,0,0.14417936072756324,0.5,0.5945160486771962,0.0,50.14063201367364
327,75.38649635497201,0.4486287399675744,1,72.40749614214658,0,0.2564416059162002,0.1,0.7240749614214659,0.0,42.589279138561
328,52.78480020409623,0.4951477716680824,3,55.64886073768993,1,0.12025332993172952,0.3,0.5564886073768993,0.5,45.96818457475902
329,53.59162384371112,0.6030676976503124,5,57.24196530099037,0,0.10680626927148135,0.5,0.5724196530099037,0.0,47.166890129343884
330,55.48957724629675,0.6062475934596344,1,88.94900301811329,1,0.07517371256172088,0.1,0.8894900301811329,0.5,44.21304151823018
331,64.11647729260558,0.4720759973404856,2,99.80678702403682,1,0.06860795487675968,0.2,0.9980678702403682,0.5,51.74995376065413
332,65.36160500976771,0.5103817433698861,3,8.126976734012699,1,0.08936008349612858,0.3,0.08126976734012699,0.5,29.47837942911576
333,56.26707842380958,0.1933200325641644,5,27.484094621088133,0,0.06221535960317368,0.5,0.27484094621088134,0.0,35.29064733773635
334,65.54473010007902,0.4453183581820847,0,17.121560278099356,0,0.09241216833465037,0.0,0.17121560278099357,0.0,10.932906743792223
335,51.87212025862229,0.5177200597393138,9,61.09988290155544,0,0.1354646623562952,0.9,0.6109988290155544,0.0,68.53574461682207
336,58.71197843941235,0.3608655909863697,6,84.18055011901728,0,0.02146702600979419,0.6,0.8418055011901728,0.0,54.80393892698038
337,77.33382148546015,0.2836828955186591,8,37.115935719528984,0,0.28889702475766915,0.8,0.37115935719528986,0.0,65.98784178144675
338,48.96743179219757,0.3877647872965427,8,17.483046419725046,0,0.1838761367967071,0.8,0.17483046419725046,0.0,53.50943097850739
339,53.84871932814579,0.7701176515012736,7,51.97514272328976,0,0.10252134453090349,0.7,0.5197514272328976,0.0,54.49854472180648
340,63.92925206838134,0.5503880016270037,9,57.181117186094674,0,0.0654875344730223,0.9,0.5718111718609468,0.0,63.03483977200214
341,56.573462633549305,0.0499459656411345,9,20.52255722884242,0,0.057108956107511585,0.9,0.2052255722884242,0.0,51.2635463265374
342,50.07616047797452,0.3870629704882803,8,8.077480443248746,1,0.16539732536709137,0.8,0.08077480443248745,0.5,57.16315220660978
343,53.93699103520492,0.1962475099910181,1,34.10124381402716,1,0.10105014941325136,0.1,0.34101243814027155,0.5,28.96013188312508
344,64.24317048029525,0.7189185214083146,8,19.014039025859983,0,0.0707195080049208,0.8,0.19014039025859983,0.0,47.03015859765138
345,44.77801291925781,0.7255302895932442,5,39.41539832743554,1,0.2536997846790365,0.5,0.3941539832743554,0.5,58.39094257614742
347,58.1093882672624,0.2257671188092567,1,68.21030899442239,0,0.03151019554562661,0.1,0.6821030899442239,0.0,27.486527375128304
348,62.70497025814328,0.9006609412387198,3,18.80293256744241,1,0.04508283763572128,0.3,0.18802932567442412,0.5,30.037401812551252
349,75.22004242644003,0.9394246721201124,6,43.75548011510227,0,0.2536673737740005,0.6,0.43755480115102274,0.0,56.65096286575238
350,82.95136054495826,0.6718896996540238,0,80.27323728228477,1,0.3825226757493044,0.0,0.8027323728228477,0.5,55.81844096376673
351,65.4235328993466,0.277634606456861,7,79.59552401572576,1,0.09039221498910995,0.7,0.7959552401572576,0.5,69.91177038147559
352,44.42949924119501,0.6136917724391654,0,33.52756694833046,0,0.25950834598008315,0.0,0.3352756694833046,0.0,26.232727524939442
353,71.82579561782948,0.4652538444697834,3,56.99178058406947,1,0.19709659363049142,0.3,0.5699178058406946,0.5,51.099801687950965
354,40.59023396950758,0.724628991164065,1,45.44024777536536,0,0.323496100508207,0.1,0.45440247775365356,0.0,38.42653535947192
355,38.25936509619438,0.5022827486083787,9,67.37163415060154,1,0.362343915063427,0.9,0.6737163415060153,0.5,92.07189856079681
356,62.43379347120262,0.6090522242759119,5,56.90313480294528,1,0.04056322452004366,0.5,0.5690313480294528,0.5,50.67134135500984
357,58.25914943507274,0.4258228599122673,7,20.12127570845439,0,0.029014176082120948,0.7,0.20121275708454392,0.0,40.2028238030143
358,61.93920466470088,0.7005569661692054,3,35.45003360473173,1,0.032320077745014685,0.3,0.3545003360473173,0.5,34.36541036960759
359,86.85118393539072,0.5329670244583887,9,46.001619852835155,0,0.44751973225651204,0.9,0.46001619852835157,0.0,83.0640555283185
360,53.0997521519168,0.2089785552379434,5,57.19404591188213,1,0.11500413080138662,0.5,0.5719404591188213,0.5,55.33238026936365
361,58.94878316586279,0.3446838019006913,4,86.48314324701192,0,0.017520280568953456,0.4,0.8648314324701193,0.0,46.056520116984096
362,71.8985687236438,0.6715543730754956,3,35.77996299090303,0,0.19830947872739677,0.3,0.3577996299090303,0.0,36.984042061317595
363,45.29645313814839,0.5891492301539751,5,38.5412949136698,0,0.24505911436419356,0.5,0.385412949136698,0.0,49.915132566768605
364,63.09650054967873,0.4772073221934916,4,75.48358563977665,0,0.0516083424946455,0.4,0.7548358563977665,0.0,44.77237156917165
365,76.34141588679445,0.3233908062512698,5,93.00836642093832,0,0.2723569314465742,0.5,0.9300836642093832,0.0,68.31678469888985
366,71.20877860916707,0.4909456689488418,1,93.57264612241572,0,0.18681297681945117,0.1,0.9357264612241571,0.0,44.812286741367785
367,74.79468200250943,0.640923806904536,7,83.49649578706426,1,0.2465780333751572,0.7,0.8349649578706426,0.5,80.70162610953912
368,48.40350717303199,1.017738573530043,4,46.62674943279803,0,0.19327488044946683,0.4,0.4662674943279803,0.0,44.61161180875184
369,52.397386220324414,0.4435372240615763,3,49.898717233108954,1,0.12671022966125978,0.3,0.4989871723310895,0.5,44.59903351112063
370,68.16056936414371,0.4272738599257691,6,70.03126996660221,0,0.13600948940239518,0.6,0.700312699666022,0.0,57.49362744464549
371,40.81129189621689,0.4391733704470953,8,95.19960614366173,0,0.31981180172971846,0.8,0.9519960614366173,0.0,85.72217349426312
372,72.26474235461522,0.6932340717252014,2,21.050405924197285,1,0.20441237257692038,0.2,0.21050405924197285,0.5,35.906541246545316
373,71.66862710710362,0.467336769684107,8,82.5516504969538,0,0.19447711845172697,0.8,0.825516504969538,0.0,74.1410738842053
374,63.39501908098642,0.4442823155246156,3,15.197465243029956,0,0.05658365134977371,0.3,0.15197465243029956,0.0,21.959840561930523
375,48.23593631565014,0.0257864285862017,5,79.75769527682806,0,0.19606772807249762,0.5,0.7975769527682806,0.0,59.56268532448175
376,56.91015709263577,0.3524604505955078,4,99.92070896316324,0,0.051497381789403815,0.4,0.9992070896316324,0.0,52.26945648005912
377,53.86181334979389,1.0335103194568402,7,82.63905348072856,1,0.10230311083676848,0.7,0.8263905348072856,0.5,71.57784095243287
378,56.04582536092401,0.4895465553305131,8,57.9062099611274,1,0.06590291065126645,0.8,0.579062099611274,0.5,66.35370037832791
379,50.831821477673664,0.6199380445898791,5,83.8233683007912,0,0.1528029753721056,0.5,0.838233683007912,0.0,58.154071522080386
380,59.50960588732598,0.7531241452843832,3,55.7104676162476,1,0.008173235211233632,0.3,0.5571046761624759,0.5,39.10382259328563
381,62.46269496805362,0.4962953896939493,1,54.17796569552731,0,0.04104491613422698,0.1,0.5417796569552731,0.0,23.763185025286454
382,28.866428726714847,0.2409373428525213,9,7.385591237278764,0,0.5188928545547525,0.9,0.07385591237278764,0.0,75.5895485373225
383,72.99620094711473,0.1740928638376542,8,78.38406866757953,0,0.21660334911857884,0.8,0.7838406866757953,0.0,74.22019477752819
384,74.09726517005717,0.3351442460460284,6,52.95880470363061,0,0.23495441950095283,0.6,0.5295880470363061,0.0,58.327788582490534
385,43.01808280358968,0.3788896481842922,5,95.66210419087496,1,0.2830319532735054,0.5,0.9566210419087495,0.5,77.46400397668174
386,64.7788646650903,0.4475089697619092,3,69.61424957216805,0,0.0796477444181716,0.3,0.6961424957216805,0.0,40.086041377864724
387,76.46482179135607,0.7077560127540728,8,61.57313420290923,1,0.2744136965226012,0.8,0.6157313420290923,0.5,80.28516932922706
388,65.84094492240663,0.3303799139289306,2,85.01393734800426,1,0.09734908204011058,0.2,0.8501393734800426,0.5,48.972623960576236
389,61.677503362112,0.1371119733645781,2,48.85444401016044,1,0.02795838936853331,0.2,0.4885444401016044,0.5,33.607584752246176
390,49.87691530533787,0.6056871835335231,5,16.01310285695776,1,0.16871807824436888,0.5,0.16013102856957762,0.5,45.985746436438056
391,36.163650610787535,0.0476017940075823,7,58.95862537405556,0,0.39727248982020774,0.7,0.5895862537405556,0.0,74.74478795214307
392,78.71000749901017,0.0646438546983086,6,38.974412454481154,0,0.31183345831683623,0.6,0.38974412454481155,0.0,58.75505008804556
393,40.264853435521985,0.391493116740192,9,44.24899444944277,1,0.3289191094079669,0.9,0.4424899444944277,0.5,82.91888834912427
394,50.13750899131551,0.1566409735441874,1,15.453496478382569,1,0.16437485014474157,0.1,0.1545349647838257,0.5,27.1229932416512
395,56.71972049735143,0.7948300804260638,3,40.829234684142946,0,0.05467132504414281,0.3,0.40829234684142945,0.0,29.713136115559763
396,57.58853865850433,0.5958781935506589,2,7.8908618362765885,1,0.04019102235826111,0.2,0.07890861836276589,0.5,21.780165128836636
397,29.481068010293907,0.4435191122415026,8,66.38284542737864,1,0.5086488664951015,0.8,0.6638284542737865,0.5,96.14738914194761
398,85.08565331137994,0.231406398261825,9,41.40407912696653,1,0.4180942218563324,0.9,0.4140407912696653,0.5,87.52189564070638
399,66.58389200498415,0.7287171323604702,9,64.25029968146201,1,0.1097315334164025,0.9,0.6425029968146201,0.5,75.59951117224661
400,89.05689071375458,0.515991184734143,9,11.714636686352478,0,0.48428151189590973,0.9,0.11714636686352478,0.0,74.79324837580901
401,66.26524375212325,0.3981355397347951,0,91.09142925657387,1,0.10442072920205424,0.0,0.9109142925657387,0.5,42.06104492166699
402,50.59446373804894,0.9134119778932028,2,60.56154118562715,1,0.1567589376991844,0.2,0.6056154118562715,0.5,45.11262766911646
403,77.16194254733479,0.4565357247241916,0,84.67891983388546,1,0.28603237578891316,0.0,0.8467891983388546,0.5,51.2454435073163
404,52.97967659114887,0.5329691789935302,5,87.30567614024258,1,0.11700539014751878,0.5,0.8730567614024258,0.5,64.70165389820247
405,53.9380515634315,0.3595907007651232,1,50.99125024781057,1,0.10103247394280833,0.1,0.5099125024781057,0.5,34.145455099212676
406,83.99836110917691,0.6934419588831675,2,7.627494846175965,1,0.39997268515294854,0.2,0.07627494846175965,0.5,43.79490055318714
407,59.45642646489801,0.5058709030954145,2,11.777694688476693,0,0.009059558918366524,0.2,0.11777694688476693,0.0,13.385046163483839
408,65.5063311287468,0.6989374486486445,9,34.98262329468433,1,0.09177218547911323,0.9,0.3498262329468433,0.5,65.5093411667598
409,43.759798944023366,0.6296547399329048,2,50.74843454697576,0,0.27067001759961057,0.2,0.5074843454697576,0.0,41.4183060203165
410,65.12724513144623,0.4446852946103645,9,74.4223403786075,0,0.08545408552410384,0.9,0.744223403786075,0.0,69.55532097976813
411,52.13330485907136,0.2625837841430655,7,71.99735138705144,0,0.131111585682144,0.7,0.7199735138705143,0.0,62.40259696431484
412,46.26996730659875,0.6995848978925651,7,90.26385309018607,0,0.22883387822335416,0.7,0.9026385309018607,0.0,74.01319611570389
413,60.23979848889112,0.2537727849104086,0,89.09515245218043,0,0.003996641481518637,0.0,0.8909515245218043,0.0,27.603868721082335
414,69.18561356714918,0.2798754131049305,5,25.41929573536177,1,0.15309355945248626,0.5,0.2541929573536177,0.5,47.91453982647413
415,68.94827886495624,0.1236017727508104,7,95.6016609134571,1,0.14913798108260395,0.7,0.956016609134571,0.5,78.43457821472971
416,55.903885030625254,0.0495963109396209,3,31.338209416346015,0,0.06826858282291243,0.3,0.31338209416346013,0.0,27.633791196650275
417,66.1552659515534,0.656046779458479,7,12.625696855280443,0,0.10258776585922338,0.7,0.12625696855280444,0.0,42.419602479507255
418,35.48174230465556,0.5415068680530307,1,8.860048504320915,0,0.4086376282557406,0.1,0.08860048504320915,0.0,32.422741766760375
419,43.65009188099286,0.3924755405456998,8,33.05287503891291,1,0.272498468650119,0.8,0.3305287503891291,0.5,71.4098410224862
420,51.70076702676346,0.5823626816443646,3,95.63215714095182,0,0.13832054955394238,0.3,0.9563215714095182,0.0,51.678679528084274
421,73.566741289493,0.4497683724034657,1,26.77116226374732,0,0.22611235482488326,0.1,0.2677116226374732,0.0,26.71310642456962
422,73.4698636042558,0.4260903368652924,0,18.3545460652706,1,0.22449772673759677,0.0,0.183545460652706,0.5,27.100154905763034
423,78.61863459784725,0.7316591398296467,7,45.95893739262593,1,0.3103105766307875,0.7,0.45958937392625926,0.5,73.08904659548753
424,56.469130853054914,0.6950331130917253,7,82.76647450562254,0,0.05884781911575144,0.7,0.8276647450562254,0.0,61.27146584853238
425,56.48479149936187,0.677158057018392,3,40.036966870291906,1,0.05858680834396886,0.3,0.40036966870291907,0.5,37.38706173318791
426,91.55625946681091,0.5294326781436545,9,28.72419536982,1,0.5259376577801819,0.9,0.2872419536982,0.5,90.25137759399927
427,58.084567057059104,0.2413714209269388,7,30.76109534946229,1,0.031923882382348265,0.7,0.3076109534946229,0.5,51.32542804338609
428,92.44312470961124,0.4965274514830929,1,71.57404294224001,1,0.5407187451601874,0.1,0.7157404294224001,0.5,67.46867032152366
429,64.25100559891891,0.4173881061425921,1,32.684644368607245,0,0.07085009331531514,0.1,0.32684644368607246,0.0,18.993691090893837
430,53.33416139577582,0.6489186278571784,2,51.41205508369938,1,0.11109731007040295,0.2,0.5141205508369938,0.5,39.49883776842051
431,73.50155576370226,0.2920119932068423,1,38.98838681461744,1,0.2250259293950376,0.1,0.38988386814617443,0.5,38.074665701325806
432,66.21020001249505,0.5101544064895794,9,72.87270210672827,0,0.10350333354158418,0.9,0.7287270210672827,0.0,70.18794939768796
433,57.86850931700077,0.6578283654186485,4,35.880225172158056,0,0.035524844716653806,0.4,0.35880225172158053,0.0,31.623629781376433
434,44.85086954578431,0.7387294576130565,7,34.80030073028507,0,0.25248550757026145,0.7,0.3480030073028507,0.0,58.4345608960455
435,73.30218747678053,0.5894970592112255,1,56.327762620334504,0,0.22170312461300887,0.1,0.563277626203345,0.0,35.518253827483484
436,57.37853434857411,0.1552193922554364,6,32.248707710786015,0,0.04369109419043156,0.6,0.3224870771078601,0.0,40.22211257607266
437,51.885532536628055,0.9530287054804706,5,63.08941342687049,0,0.13524112438953242,0.5,0.6308941342687049,0.0,50.708760434677835
438,71.24923847148652,0.7442801012230319,6,17.024305955614032,1,0.1874873078581087,0.6,0.17024305955614033,0.5,52.05499355717187
439,41.066235350869256,0.3817725980314658,7,21.913361688154083,1,0.31556274415217905,0.7,0.21913361688154084,0.5,66.02793582170439
440,55.968784923795326,0.324444476000229,5,91.37105022598791,1,0.06718691793674457,0.5,0.9137105022598792,0.5,62.89045860080973
441,55.8409619688823,0.7228477219358908,6,83.55681017601181,1,0.06931730051862837,0.6,0.8355681017601181,0.5,65.227822728122
442,62.960290888369954,0.4982949309085112,3,76.8607515449125,1,0.04933818147283257,0.3,0.768607515449125,0.5,48.12653465224903
443,45.08771542499224,0.3478438159448629,4,70.58106074717395,1,0.24853807625012933,0.4,0.7058106074717395,0.5,63.03792641070531
444,53.923860619960415,0.8026722047796779,6,53.99982625201603,1,0.10126898966732642,0.6,0.5399982625201603,0.5,58.114048309836534
445,54.14891337881778,0.4608008424478598,9,25.97325552294005,1,0.09751811035303698,0.9,0.25973255522940053,0.5,63.09571741317201
446,65.76004183593759,0.5181869878505906,2,76.43968695320714,1,0.09600069726562642,0.2,0.7643968695320714,0.5,46.25692208981529
447,39.80053482304646,0.5321640195391626,4,66.60645373376154,1,0.3366577529492256,0.4,0.6660645373376154,0.5,67.22922118337621
448,71.04268170436559,0.5895713315037717,7,96.56324841546588,1,0.18404469507275986,0.7,0.9656324841546587,0.5,80.87361121695
449,73.57848310317866,0.4233074071199925,5,68.1940177070849,1,0.22630805171964424,0.5,0.681940177070849,0.5,65.54574969938541
450,72.00524164319057,0.6222213857688593,6,75.6796046888322,0,0.20008736071984287,0.6,0.756796046888322,0.0,63.16333392135163
451,47.45028689245819,0.6618960978819508,4,88.803414765545,1,0.20916188512569686,0.4,0.88803414765545,0.5,66.21521186390596
452,57.20088856554113,0.4712229479874328,3,71.95134391243637,0,0.046651857240981205,0.3,0.7195134391243637,0.0,38.777284919650306
453,23.63596184503004,0.6678857074475869,9,31.87054753238386,1,0.6060673025828327,0.9,0.3187054753238386,0.5,96.13860367060681
454,62.74912173472222,0.7576741969320872,5,64.96388499341434,1,0.04581869557870372,0.5,0.6496388499341434,0.5,53.46931242721639
455,70.84697134129726,0.4016910100135979,6,68.2157859675688,1,0.1807828556882877,0.6,0.6821578596756881,0.5,67.36259774957512
456,56.769427469608154,0.4342386015187381,1,87.99616814175442,0,0.053842875506530774,0.1,0.8799616814175443,0.0,34.93370239665172
457,60.47577226268418,0.5827563463095665,4,18.212301925808113,0,0.007929537711403018,0.4,0.18212301925808114,0.0,24.50361001024742
458,53.44200867820921,0.5676089607681458,3,39.55165121341486,0,0.1092998553631798,0.3,0.39551651213414857,0.0,32.67578195595815
459,62.21981027263136,0.5305438458292951,8,13.429313504267682,0,0.036996837877189395,0.8,0.13429313504267681,0.0,43.24421691209241
460,45.06948622234266,0.3765285696528552,7,52.27915131686043,0,0.248841896294289,0.7,0.5227915131686043,0.0,63.57801730928604
461,72.52352432601212,0.6546895030930681,9,91.92853184128438,0,0.20872540543353538,0.9,0.9192853184128438,0.0,82.50151820592417
462,51.48112777734451,0.1399814701166301,7,47.92030299505465,1,0.14198120371092482,0.7,0.4792030299505465,0.5,63.353553420533416
463,26.330803976939137,0.1844878526574877,4,16.39285245636685,1,0.5611532670510144,0.4,0.1639285245636685,0.5,65.59729988514992
464,54.235036207729685,0.2403226206661285,6,65.85768862063884,1,0.09608272987117192,0.6,0.6585768862063884,0.5,61.43672959945362
465,56.31035698810464,0.4968511955354938,3,55.714076890653246,0,0.06149405019825605,0.3,0.5571407689065324,0.0,34.70283012527718
466,46.00623804183729,0.4447899402065203,5,91.48406591515749,0,0.23322936596937846,0.5,0.9148406591515749,0.0,65.44574050278642
467,45.008844338947455,0.4059406918305715,0,37.73547757584653,1,0.24985259435087576,0.0,0.3773547757584653,0.5,34.60859336491819
468,94.99412316766792,0.5256309771761364,0,51.92128885011598,1,0.5832353861277987,0.0,0.5192128885011598,0.5,59.43897468696886
469,60.498724833895565,0.3456419287450052,2,26.07465461345916,1,0.008312080564926086,0.2,0.2607465461345916,0.5,25.406045173003417
470,56.567902800592606,0.8017715658414151,1,89.61404142530999,0,0.057201619990123236,0.1,0.8961404142530999,0.0,35.636775928629696
471,57.22255284152774,0.8017838411121377,5,67.12431259868353,0,0.04629078597453772,0.5,0.6712431259868353,0.0,46.48496535117885
472,58.16052085778141,0.6357295918220184,6,77.56391231552549,0,0.03065798570364322,0.6,0.7756391231552549,0.0,53.336623122469106
473,55.61367831458173,0.4752704560679257,4,74.9717308193379,0,0.07310536142363779,0.4,0.7497173081933791,0.0,45.93541298777647
474,60.54215327809177,0.2564339755400686,0,28.61249268230221,0,0.009035887968196122,0.0,0.2861249268230221,0.0,9.340958175008506
475,62.671605959481816,0.5715464562904488,2,49.389681098477745,0,0.044526765991363605,0.2,0.49389681098477745,0.0,27.112727223712906
476,33.24421404112839,0.7445665731033484,4,18.941032438356434,1,0.44592976598119355,0.4,0.18941032438356434,0.5,59.30344013968414
477,78.01710404756354,0.5280205532327163,4,89.21066002466937,0,0.30028506745939226,0.4,0.8921066002466936,0.0,64.25975587399466
478,56.19923910960941,0.670464818059229,5,44.91975611282463,0,0.0633460148398432,0.5,0.44919756112824627,0.0,40.714048180237036
479,74.47429598557808,0.7450027114735008,0,79.83130409437652,1,0.24123826642630136,0.0,0.7983130409437652,0.5,47.00590523783526
480,74.02085518791264,0.6503782575620536,1,29.48056262027194,1,0.23368091979854408,0.1,0.2948056262027194,0.5,35.68663825714549
481,47.419055145391035,0.4874827099175848,4,79.96331965439235,1,0.20968241424348275,0.4,0.7996331965439235,0.5,63.532654498473576
482,47.95378047497753,0.5920569724305594,8,85.77147240798766,1,0.2007703254170412,0.8,0.8577147240798766,0.5,83.19301594305355
483,43.07016740030822,0.4160076448083474,1,21.88879933601141,0,0.28216387666152964,0.1,0.2188879933601141,0.0,28.656225327074413
484,41.11313732502371,0.6044629651743131,7,43.626251065663574,0,0.3147810445829382,0.7,0.43626251065663574,0.0,64.9705565948464
485,59.24159914874889,0.2307252271146689,7,68.77808806360034,1,0.012640014187518507,0.7,0.6877808806360034,0.5,61.81499531140064
486,80.28843187977914,0.6617193374713862,4,90.83847895828218,1,0.3381405313296523,0.4,0.9083847895828218,0.5,74.76120447597886
487,47.10754595983217,0.1259672439139864,9,39.065983722019205,1,0.21487423400279712,0.9,0.39065983722019204,0.5,74.32339844734753
488,97.2166872125491,0.4303477737344169,8,42.40626524879562,1,0.6202781202091517,0.8,0.4240626524879562,0.5,95.64050019548831
489,48.24280220855243,0.5282903356218714,6,15.940302186904864,1,0.1959532965241261,0.6,0.15940302186904864,0.5,52.242058548054096
490,46.94177363641418,0.5428145085031957,4,54.72667020786411,1,0.2176371060597636,0.4,0.5472667020786411,0.5,56.27177375112814
492,66.36633683149807,0.241677122065566,3,43.6504911892639,1,0.10610561385830124,0.3,0.436504911892639,0.5,41.414982265645094
493,37.06912792655042,0.6001555417276994,0,98.0627622290198,1,0.3821812012241596,0.0,0.980627622290198,0.5,61.26009326070826
494,61.808335796045775,0.5653255498506177,3,35.88309605730517,1,0.030138929934096243,0.3,0.3588309605730517,0.5,34.36443784629827
495,78.30017010725602,0.3765238663834159,7,88.15974674153497,1,0.3050028351209337,0.7,0.8815974674153497,0.5,85.7216659928822
496,41.886766301316065,0.7566137915065627,0,84.21746692745417,0,0.3018872283113989,0.0,0.8421746692745417,0.0,44.40071238668004
497,68.52039434800076,0.6751421465399093,1,55.60572659118426,0,0.1420065724666794,0.1,0.5560572659118426,0.0,30.40205963485677
498,49.27693025939722,0.5833170057387066,1,54.47704137999095,0,0.17871782901004635,0.1,0.5447704137999095,0.0,32.31005733857008
499,50.32177758289132,0.7009776226468643,0,66.3054684248599,1,0.16130370695181132,0.0,0.6630546842485989,0.5,37.94343552241525
500,54.94373590329524,0.9602871404284752,8,5.569191841050799,1,0.08427106827841264,0.8,0.05569191841050799,0.5,51.410650216657395
